"","Estimate","Std. Error","t value"
"Intercept",46.3886309833955,0.112494939996612,412.361933654906
"VRM_Total.WeatheringIndex_Total",0.699966806934952,0.00885057956371185,79.0871153573803
