"surface","mean"
"EucDistWater_Total",0.792561843079214
"Silt_Total",0.127806016739445
"Spinifex_Total",0.0655586369355272
"WeatheringIndex_Total",0.0140735032458136
