"Surface","obj.func_LL","k","AIC","AICc","R2m","R2c","LL"
"Clay_Total",-1973.70457739178,4,3955.40915478364,3955.93547057312,0.545080322122454,0.813696269932011,-1973.70457739182
"Distance",-2003.87305821644,2,4011.74611643289,4011.89996258673,0.505272527560924,0.787163405427753,-2003.87305821644
"Null",-3701.47077351072,1,7404.94154702143,7404.99217993283,0,0.310622838962634,-3701.47077351072
