"","Estimate","Std. Error","t value"
"Intercept",46.3886309833853,0.112833364028229,411.125125825193
"Clay_Total",0.717220808324861,0.00905107147663493,79.2415362287598
"Intercept",46.3886309833779,0.109289415190793,424.45675916917
"Distance",0.652779308358268,0.00836446997440261,78.0419214075653
