"","Estimate","Std. Error","t value"
"Intercept",46.3886309833779,0.109289415190793,424.45675916917
"Distance",0.652779308358268,0.00836446997440261,78.0419214075653
"Intercept",46.3886309834009,0.121881099658815,380.605615745657
"Spinifex_Total",0.772565495835725,0.00978971966767796,78.9159978080323
