"","Estimate","Std. Error","t value"
"Intercept",46.3886309833517,0.121574258771542,381.566225055285
"EucDistWater_Total.Silt_Total",0.743476654390675,0.00907796072463327,81.8990825079506
