"surface","mean"
"FireFreq_2000_2008_Total",0.865905440778873
"VRM_Total",0.127973122474523
"WeatheringIndex_Total",0.00612143674660397
