"","Estimate","Std. Error","t value"
"Intercept",46.3886309833421,0.120928127418995,383.604972419802
"EucDistWater_Total.Silt_Total.Spinifex_Total",0.739784740828234,0.00903722672150321,81.8597080305607
