"surface","mean"
"EucDistWater_Total",0.828638327239089
"Silt_Total",0.134746191285378
"Spinifex_Total",0.0366154814755328
