"surface","mean"
"FireFreq_2000_2008_Total",0.354904819006748
"Spinifex_Total",0.358549409051645
"VRM_Total",0.286545771941607
