"surface","mean"
"FireFreq_2000_2008_Total",0.572392452555653
"PersistForestCover_Total",0.0294188269358169
"Silt_Total",0.358380820196529
"WeatheringIndex_Total",0.0398079003120011
