"","Estimate","Std. Error","t value"
"Intercept",46.3886309833744,0.126917696585317,365.501677318821
"FireFreq_2000_2008_Total.Spinifex_Total",0.800233986750558,0.0101187135063332,79.0845581555107
