"surface","mean"
"FireFreq_2000_2008_Total",0.486557267060956
"Spinifex_Total",0.513442732939044
