"surface","mean"
"FireFreq_2000_2008_Total",0.296463867605664
"Silt_Total",0.239533515239708
"Spinifex_Total",0.458977073318944
"WeatheringIndex_Total",0.00502554383568453
