"surface","mean"
"EucDistWater_Total",0.936633240796042
"FireFreq_2000_2008_Total",0.00779963490690778
"PersistForestCover_Total",0.0287006797918552
"Spinifex_Total",0.0268664445051955
