"","Estimate","Std. Error","t value"
"Intercept",46.3886309833964,0.121100663393162,383.058438191972
"FireFreq_2000_2008_Total.Silt_Total",0.75360238952205,0.00947387166291064,79.5453449588446
