"surface","mean"
"FireFreq_2000_2008_Total",0.841738473072912
"Silt_Total",0.158261526927088
