"","Estimate","Std. Error","t value"
"Intercept",46.3886309834048,0.133445155514219,347.623192499198
"Spinifex_Total.WeatheringIndex_Total",0.867679078648548,0.0109180744217661,79.4718047459683
