"","Estimate","Std. Error","t value"
"Intercept",46.3886309833925,0.110895586250818,418.309082910413
"Silt_Total.WeatheringIndex_Total",0.694782127539544,0.00873245008343497,79.5632521115136
