"surface","mean"
"FireFreq_2000_2008_Total",0.469516011087228
"Spinifex_Total",0.291622449203617
"VRM_Total",0.199815449019737
"WeatheringIndex_Total",0.039046090689418
