"surface","mean"
"EucDistWater_Total",0.673389030799621
"FireFreq_2000_2008_Total",0.165760375116219
"Silt_Total",0.0352084800941729
"VRM_Total",0.125642113989988
