"","Estimate","Std. Error","t value"
"Intercept",46.3886309833644,0.131193289691905,353.58996708066
"PersistForestCover_Total.Silt_Total.Spinifex_Total",0.839048020641818,0.0104753591848788,80.0973031887043
