"","Estimate","Std. Error","t value"
"Intercept",46.3886309833825,0.118819637269294,390.412157867869
"EucDistWater_Total.Silt_Total.VRM_Total",0.727790623155719,0.00890829472782498,81.6980853678394
