"surface","mean"
"EucDistWater_Total",0.859650340635901
"Silt_Total",0.096968866306713
"VRM_Total",0.0433807930573857
