"","Estimate","Std. Error","t value"
"Intercept",46.388630983357,0.126168205837511,367.672906778906
"FireFreq_2000_2008_Total.WeatheringIndex_Total",0.811257167543077,0.0102584776778926,79.0816330664114
