"","Estimate","Std. Error","t value"
"Intercept",46.3886309833931,0.12641753250289,366.947764799416
"PersistForestCover_Total.Spinifex_Total",0.80063816174286,0.0101267088408193,79.0620303524089
