"surface","mean"
"FireFreq_2000_2008_Total",0.81949610519258
"PersistForestCover_Total",0.00460991649550597
"Silt_Total",0.175893978311914
