"","Estimate","Std. Error","t value"
"Intercept",46.3886309833586,0.114437563013027,405.36192629406
"PersistForestCover_Total.Silt_Total",0.719028644756095,0.00905444374062584,79.4116861679672
