"surface","mean"
"FireFreq_2000_2008_Total",0.364473928948064
"PersistForestCover_Total",0.0749561740429407
"Spinifex_Total",0.354991181386315
"VRM_Total",0.20557871562268
