"","Estimate","Std. Error","t value"
"Intercept",46.3886309833731,0.126252634263524,367.427034326645
"EucDistWater_Total.PersistForestCover_Total",0.749419071409923,0.00934553913971696,80.1900307950152
