"","Estimate","Std. Error","t value"
"Intercept",46.3886309833869,0.109102408952089,425.184296377524
"PersistForestCover_Total.Silt_Total.VRM_Total",0.709005080340693,0.00893558662416746,79.3462265166896
