"surface","mean"
"PersistForestCover_Total",0.00293883661212809
"Silt_Total",0.930241150147636
"VRM_Total",0.0668200132402361
