"surface","mean"
"EucDistWater_Total",0.808580402039804
"FireFreq_2000_2008_Total",0.0367968815380868
"Spinifex_Total",0.0232489986282306
"WeatheringIndex_Total",0.131373717793878
