"surface","mean"
"FireFreq_2000_2008_Total",0.288099594576309
"Silt_Total",0.218007088952899
"Spinifex_Total",0.493893316470792
