"surface","mean"
"FireFreq_2000_2008_Total",0.177655644839339
"PersistForestCover_Total",0.0388161192409084
"Spinifex_Total",0.448107325837395
"WeatheringIndex_Total",0.335420910082358
