"surface","mean"
"EucDistWater_Total",0.818956494744242
"FireFreq_2000_2008_Total",0.0128949653416652
"PersistForestCover_Total",0.0255037922896759
"Silt_Total",0.142644747624417
