"surface","mean"
"EucDistWater_Total",0.68472440123789
"FireFreq_2000_2008_Total",0.168391766201469
"VRM_Total",0.146883832560642
