"","Estimate","Std. Error","t value"
"Intercept",46.3886309833821,0.1229807520791,377.2023686564
"EucDistWater_Total.Spinifex_Total.VRM_Total",0.782201574637426,0.00965018135685111,81.0556346780058
