"surface","mean"
"EucDistWater_Total",0.587288467319819
"Spinifex_Total",0.194490596231497
"VRM_Total",0.218220936448684
