"","Estimate","Std. Error","t value"
"Intercept",46.3886309833997,0.131279232239506,353.358487797737
"Spinifex_Total.VRM_Total",0.878180538010789,0.0109245796257921,80.3857510395613
