"surface","mean"
"Spinifex_Total",0.788334011798271
"VRM_Total",0.211665988201729
