"","Estimate","Std. Error","t value"
"Intercept",46.3886309833729,0.135434650658284,342.516710146919
"PersistForestCover_Total.Spinifex_Total.VRM_Total",0.906017648382841,0.0112680432533137,80.4059434291217
