"surface","mean"
"FireFreq_2000_2008_Total",0.193968332478353
"PersistForestCover_Total",0.663800652135424
"Silt_Total",0.0276246263668717
"VRM_Total",0.114606389019351
