"","Estimate","Std. Error","t value"
"Intercept",46.3886309833477,0.130379551418374,355.79682917064
"Silt_Total.Spinifex_Total.VRM_Total",0.860071256228785,0.01067515856349,80.567539218603
