"surface","mean"
"Silt_Total",0.536863035609705
"Spinifex_Total",0.309810022012052
"VRM_Total",0.153326942378242
