"","Estimate","Std. Error","t value"
"Intercept",46.3886309833862,0.108307242990016,428.305898135201
"CoarseFrags_Total",0.656355804559646,0.00831918916146542,78.8966078088348
"Intercept",46.3886309833779,0.109289415190793,424.45675916917
"Distance",0.652779308358268,0.00836446997440261,78.0419214075653
