"surface","mean"
"FireFreq_2000_2008_Total",0.148046848417182
"Spinifex_Total",0.477587799503689
"WeatheringIndex_Total",0.374365352079129
