"surface","mean"
"EucDistWater_Total",0.943461214118846
"FireFreq_2000_2008_Total",0.0282693929405768
"PersistForestCover_Total",0.0282693929405768
