"","Estimate","Std. Error","t value"
"Intercept",46.3886309833461,0.127202886543391,364.682219436287
"Silt_Total.Spinifex_Total",0.822550478844714,0.0102940488060078,79.9054380201363
