"surface","mean"
"Silt_Total",0.661790381429975
"Spinifex_Total",0.338209618570025
