"surface","mean"
"EucDistWater_Total",0.733231372823092
"FireFreq_2000_2008_Total",0.0233786741699899
"Silt_Total",0.117882769553403
"Spinifex_Total",0.125507183453515
