"","Estimate","Std. Error","t value"
"Intercept",46.3886309833779,0.109289415190793,424.45675916917
"Distance",0.652779308358268,0.00836446997440261,78.0419214075653
"Intercept",46.3886309833737,0.112168572476562,413.561748706992
"Sand_Total",0.712852386414726,0.00900174232090673,79.1904901297954
