"surface","mean"
"EucDistWater_Total",0.857644093858163
"FireFreq_2000_2008_Total",0.016370918971709
"Silt_Total",0.109614068198419
"WeatheringIndex_Total",0.016370918971709
