"surface","mean"
"EucDistWater_Total",0.736734707468637
"PersistForestCover_Total",0.061916183784862
"Silt_Total",0.120131768114737
"VRM_Total",0.081217340631764
