"","Estimate","Std. Error","t value"
"Intercept",46.3886309833779,0.109289415190793,424.45675916917
"Distance",0.652779308358268,0.00836446997440261,78.0419214075653
"Intercept",46.3886309833538,0.112833364307789,411.125124806296
"Silt_Total",0.717220805959005,0.009051071446437,79.2415362317511
