"","Estimate","Std. Error","t value"
"Intercept",46.3886309833573,0.10899721743475,425.594635121096
"Silt_Total.VRM_Total.WeatheringIndex_Total",0.759029092147207,0.009557550809308,79.4166944326361
