"surface","mean"
"Silt_Total",0.965247350097511
"VRM_Total",0.0268368906435144
"WeatheringIndex_Total",0.00791575925897462
