"surface","mean"
"FireFreq_2000_2008_Total",0.500825327684772
"PersistForestCover_Total",0.0753215397508293
"Spinifex_Total",0.423853132564398
