"","Estimate","Std. Error","t value"
"Intercept",46.3886309833678,0.1089323364851,425.848122606945
"Silt_Total.VRM_Total",0.745141579129773,0.00938314866589692,79.4127435961867
