"surface","mean"
"Silt_Total",0.951976479128547
"VRM_Total",0.0480235208714532
