"","Estimate","Std. Error","t value"
"Intercept",46.3886309833817,0.113515582385403,408.654301097491
"PersistForestCover_Total.VRM_Total",0.706072673514662,0.00891965713301471,79.1591720382664
