"","Estimate","Std. Error","t value"
"Intercept",46.3886309833563,0.123310936489986,376.192350036394
"EucDistWater_Total.VRM_Total",0.760042624756454,0.00943424834726594,80.5620751945453
