"surface","mean"
"EucDistWater_Total",0.884985820442877
"FireFreq_2000_2008_Total",0.0192196951287539
"Silt_Total",0.0957944844283693
