"surface","mean"
"Silt_Total",0.0408088204054572
"Spinifex_Total",0.82980102156249
"VRM_Total",0.125194737253774
"WeatheringIndex_Total",0.00419542077827837
