"","Estimate","Std. Error","t value"
"Intercept",46.3886309833779,0.109289415190793,424.45675916917
"Distance",0.652779308358268,0.00836446997440261,78.0419214075653
"Intercept",46.3886309833893,0.110317761083669,420.500112835019
"VRM_Total",0.71503319020326,0.00904850519342939,79.0222445495731
