"","Estimate","Std. Error","t value"
"Intercept",46.3886309833894,0.117019047798424,396.419487734151
"EucDistWater_Total.WeatheringIndex_Total",0.679159529788646,0.00855190892047644,79.4161322465078
