"surface","mean"
"FireFreq_2000_2008_Total",0.793485668912173
"Silt_Total",0.0887878328103314
"VRM_Total",0.113191120667448
"WeatheringIndex_Total",0.00453537761004787
