"surface","mean"
"FireFreq_2000_2008_Total",0.19783861702982
"PersistForestCover_Total",0.679142065560127
"VRM_Total",0.123019317410053
