"surface","mean"
"EucDistWater_Total",0.735832524883729
"Silt_Total",0.155040464949272
"VRM_Total",0.078519499599827
"WeatheringIndex_Total",0.0306075105671721
