"surface","mean"
"FireFreq_2000_2008_Total",0.807911726034956
"Silt_Total",0.066198924265359
"VRM_Total",0.125889349699685
