"surface","mean"
"PersistForestCover_Total",0.740369598949176
"Silt_Total",0.120423023660508
"VRM_Total",0.102209196323595
"WeatheringIndex_Total",0.036998181066722
