"surface","mean"
"FireFreq_2000_2008_Total",0.833884675504754
"Silt_Total",0.156874050027103
"WeatheringIndex_Total",0.00924127446814297
