"surface","mean"
"EucDistWater_Total",0.71666649797882
"Silt_Total",0.0970542519718147
"Spinifex_Total",0.0994657967096671
"VRM_Total",0.086813453339698
