"surface","mean"
"EucDistWater_Total",0.507810061160851
"FireFreq_2000_2008_Total",0.0100395394230867
"Spinifex_Total",0.226794634896177
"VRM_Total",0.255355764519885
