"","Estimate","Std. Error","t value"
"Intercept",46.3886309833779,0.109289415190793,424.45675916917
"Distance",0.652779308358268,0.00836446997440261,78.0419214075653
"Intercept",46.3886309833437,0.129366198542254,358.583861210021
"EucDistWater_Total",0.769848275054682,0.00959066903377931,80.2705496710604
