"","Estimate","Std. Error","t value"
"Intercept",46.3886309833918,0.121692346766423,381.195960272098
"FireFreq_2000_2008_Total.PersistForestCover_Total",0.760247242319161,0.00963532765401323,78.9020643218613
