"surface","mean"
"EucDistWater_Total",0.797438428727231
"FireFreq_2000_2008_Total",0.0179102766309645
"PersistForestCover_Total",0.0685099077670998
"VRM_Total",0.116141386874704
