"","Estimate","Std. Error","t value"
"Intercept",46.3886309833734,0.127961121673644,362.521290659551
"EucDistWater_Total.FireFreq_2000_2008_Total",0.7609256543641,0.00948625153115817,80.2135228930831
