"surface","mean"
"EucDistWater_Total",0.967046680318243
"FireFreq_2000_2008_Total",0.0329533196817567
