"","Estimate","Std. Error","t value"
"Intercept",46.388630983385,0.134660848899941,344.484914229628
"Spinifex_Total.VRM_Total.WeatheringIndex_Total",0.895763122205538,0.0111132555822742,80.6031244016642
