"surface","mean"
"Spinifex_Total",0.777879856790478
"VRM_Total",0.17347680157857
"WeatheringIndex_Total",0.0486433416309519
