"surface","mean"
"PersistForestCover_Total",0.464345265366389
"Silt_Total",0.0344002640319733
"Spinifex_Total",0.346880502450015
"VRM_Total",0.154373968151622
