"surface","mean"
"EucDistWater_Total",0.944083372514614
"FireFreq_2000_2008_Total",0.027958313742693
"WeatheringIndex_Total",0.027958313742693
