"","Estimate","Std. Error","t value"
"Intercept",46.3886309833701,0.118814141866108,390.430215248666
"FireFreq_2000_2008_Total.VRM_Total",0.773154345097761,0.00971680679630214,79.5687679405126
