"surface","mean"
"FireFreq_2000_2008_Total",0.882979527995962
"VRM_Total",0.117020472004038
