"surface","mean"
"Silt_Total",0.524129198884677
"Spinifex_Total",0.415497403193553
"WeatheringIndex_Total",0.0603733979217695
