"surface","mean"
"FireFreq_2000_2008_Total",0.361258779071973
"Silt_Total",0.00357065202763194
"Spinifex_Total",0.324016206558789
"VRM_Total",0.311154362341607
