"surface","mean"
"EucDistWater_Total",0.943694634991458
"FireFreq_2000_2008_Total",0.0281526825042712
"Spinifex_Total",0.0281526825042712
