"surface","mean"
"FireFreq_2000_2008_Total",0.294169442607278
"PersistForestCover_Total",0.0254826166742304
"Silt_Total",0.24990424589687
"Spinifex_Total",0.430443694821622
