"surface","mean"
"FireFreq_2000_2008_Total",0.842921921357671
"PersistForestCover_Total",0.0280488337221244
"VRM_Total",0.125289679458316
"WeatheringIndex_Total",0.00373956546188883
