"surface","mean"
"EucDistWater_Total",0.538523994097984
"Spinifex_Total",0.208127479774618
"VRM_Total",0.22817257351314
"WeatheringIndex_Total",0.0251759526142581
