"","Estimate","Std. Error","t value"
"Intercept",46.3886309834054,0.127959146632885,362.526886151362
"EucDistWater_Total.Spinifex_Total",0.760963216845284,0.00948504459278902,80.2276899598135
