"surface","mean"
"EucDistWater_Total",0.710374542123328
"FireFreq_2000_2008_Total",0.156459319689465
"VRM_Total",0.129042720044142
"WeatheringIndex_Total",0.00412341814306504
