"","Estimate","Std. Error","t value"
"Intercept",46.3886309833753,0.114279021587019,405.924292483134
"PersistForestCover_Total.WeatheringIndex_Total",0.718743661194377,0.00915013925262529,78.5500243603572
